{
  "virgo_n": 10,
  "field_n": 10,
  "virgo_mean_slope": 0.08669406850100289,
  "virgo_std_slope": 0.0045988286684578794,
  "field_mean_slope": 0.09615938374146579,
  "field_std_slope": 6.134673421242593e-05,
  "virgo_n_declining": 0,
  "field_n_declining": 0,
  "t_statistic": -6.174054663002904,
  "p_value": 7.906163571319696e-06,
  "efe_detected": true
}