{
  "n_total": 27,
  "n_newtonian": 17,
  "n_transition": 10,
  "n_deep_mond": 0,
  "newtonian_mean_ratio": 0.854232474840452,
  "transition_mean_ratio": 1.2491713196777554,
  "deep_mond_mean_ratio": 0,
  "correlation_sep_ratio": 0.8756710497354477,
  "slope": 0.317148514396748,
  "intercept": -0.02553076029497927
}