{
  "field_mean_slope": -0.010503203432141816,
  "field_std_slope": 0.11420345605940711,
  "cluster_mean_slope": -0.40639714607043087,
  "cluster_std_slope": 0.060505073663211305,
  "field_n_flat": 3,
  "field_n_declining": 1,
  "cluster_n_flat": 0,
  "cluster_n_declining": 5,
  "p_value": 0.00028117285616389146,
  "efe_detected": 