{
  "tidal_n_disrupted": 0,
  "tidal_n_intact": 44,
  "tidal_disrupted_ml": 0,
  "tidal_intact_ml": 39197.31631289321,
  "luminosity_sat_ml": 7525.669510343869,
  "luminosity_iso_ml": 8335.907410259697,
  "corr_distance_ml": -0.5478432431431376,
  "corr_distance_gext": -0.9894730416667685,
  "corr_gext_ml": 0.57187649567144
}