{
  "n_total": 148,
  "n_virgo": 11,
  "n_field": 137,
  "virgo_galaxies": [
    "NGC4192",
    "NGC4254",
    "NGC4303",
    "NGC4321",
    "NGC4501",
    "NGC4535",
    "NGC4536",
    "NGC4548",
    "NGC4569",
    "NGC4579",
    "NGC4654"
  ],
  "virgo_mean_residual": -0.1569734567771537,
  "field_mean_residual": -0.2955628369758725
}