{
  "n_satellites": 44,
  "n_isolated": 14,
  "satellites_ml_mean": 39197.31631289321,
  "satellites_ml_std": 75907.40431000837,
  "isolated_ml_mean": 8335.907410259697,
  "isolated_ml_std": 6904.175685955206,
  "high_efe_ml_mean": 163600.44475665202,
  "low_efe_ml_mean": 23248.197281642086,
  "efe_correlation": 0.55151353014137,
  "p_value": 2.8325961531765966e-05,
  "conclusion": "EFE NOT DETECTED: Pattern opposite to prediction"
}