{
  "virgo_n": 8,
  "field_n": 10,
  "virgo_mean_slope": -0.15764307464487617,
  "virgo_std_slope": 0.051515709861611726,
  "field_mean_slope": 0.005042437636201104,
  "field_std_slope": 0.012886791131336861,
  "virgo_n_declining": 8,
  "virgo_n_flat": 0,
  "field_n_declining": 0,
  "field_n_flat": 10,
  "t_statistic": -9.067324334913296,
  "p_value": 1.0534452742736501e-07,
  "efe_detected": 