{
  "n_total": 31,
  "n_newtonian": 17,
  "n_wide": 14,
  "newton_mean_ratio": 1.0247296856955468,
  "wide_mean_ratio": 1.308466448585038,
  "enhancement_percent": 27.688937565705597,
  "t_statistic": 5.144277283749251,
  "p_value": 1.6985533904432303e-05,
  "correlation": 0.7724335739707181,
  "mond_detected": 